surface_key,surface_label,context,is_candidate,matches_manifest_target,target_surface_name,target_zone_name,mapped_zone_name,target_area_m2,surface_area_m2,area_delta_m2,match_reason,match_status,in_idf_surface_name,in_idf_zone_name,in_idf_construction_name,in_idf_boundary_condition,in_idf_area_m2,in_idf_area_delta_m2,in_idf_match_status,adjacency_condition,is_internal_partition,internal_partition_type,surface_type,hard_attributes,title,ssep_object_name,ssep_object_idc,gbxml_surface_type,match_keys
surface_1,Surface,Building > BuildingBlock > UNKNOWN | BLOCK1:APARTMENTXAXNEWXPNX0,no,no,,,APARTMENT_A_NEW_PN_01,,13.352,,,,,,,,,,,AdjacentToGround,False,-1,Floor,Title;WindAngle315;AnyOpeningOutput;WindAngle90;gbXMLSurfaceType;WindAngle135;WindAngle225;gbXMLExternalConstructionName;SSEPObjectIDCInOP;SSEPObjectNameInOP;CombinedGroundFloorConstr;WindAngle180;SSEPObjectAreaInOP;WindAngle45;WindAngle0;WindAngle270,Ground floor - 13.352 m2 (Ground),BLOCK1:APARTMENTXAXNEWXPNX0_GroundFloor_0_0_0,1,Floor,UNKNOWN;BLOCK1:APARTMENTXAXNEWXPNX0;UNKNOWN;UNKNOWN;BLOCK1:APARTMENTXAXNEWXPNX0_GroundFloor_0_0_0
surface_2,Surface,Building > BuildingBlock > UNKNOWN | BLOCK1:APARTMENTXAXNEWXPNX0,no,no,,,APARTMENT_A_NEW_PN_01,,13.352,,,,,,,,,,,NotAdjacentToGround,False,-1,FlatRoof,Title;WindAngle315;AnyOpeningOutput;WindAngle90;gbXMLSurfaceType;WindAngle135;WindAngle225;gbXMLExternalConstructionName;SSEPObjectIDCInOP;SSEPObjectNameInOP;WindAngle180;SSEPObjectAreaInOP;CombinedFlatRoofConstr;WindAngle45;WindAngle0;WindAngle270,Roof - 13.352 m2,BLOCK1:APARTMENTXAXNEWXPNX0_Roof_1_0_0,3,Roof,UNKNOWN;BLOCK1:APARTMENTXAXNEWXPNX0;UNKNOWN;UNKNOWN;BLOCK1:APARTMENTXAXNEWXPNX0_Roof_1_0_0
surface_3,Surface,Building > BuildingBlock > UNKNOWN | BLOCK1:APARTMENTXAXNEWXPNX0,yes,no,,,APARTMENT_A_NEW_PN_01,,3.713,,,,,,,,,,,NotAdjacentToGround,True,Solid,Wall,Title;WindAngle315;AnyOpeningOutput;WindAngle90;gbXMLSurfaceType;WindAngle135;WindAngle225;InternalWallConstr;SSEPObjectIDCInOP;SSEPObjectNameInOP;WindAngle180;gbXMLInternalConstructionName;SSEPObjectAreaInOP;WindAngle45;WindAngle0;WindAngle270,"Partition - 3.713 m2 (Block 1, APARTMENT_A_NEW_LOGIA)",BLOCK1:APARTMENTXAXNEWXPNX0_Partition_2_0_0,5,Wall,UNKNOWN;BLOCK1:APARTMENTXAXNEWXPNX0;UNKNOWN;UNKNOWN;BLOCK1:APARTMENTXAXNEWXPNX0_Partition_2_0_0
surface_4,Surface,Building > BuildingBlock > UNKNOWN | BLOCK1:APARTMENTXAXNEWXPNX0,yes,no,,,APARTMENT_A_NEW_PN_01,,12.771,,,,,,,,,,,NotAdjacentToGround,False,-1,Wall,WallConstr;Title;WindAngle315;AnyOpeningOutput;WindAngle90;gbXMLSurfaceType;WindAngle135;WindAngle225;gbXMLExternalConstructionName;SSEPObjectIDCInOP;SSEPObjectNameInOP;WindAngle180;SSEPObjectAreaInOP;WindAngle45;WindAngle0;WindAngle270,Wall - 12.771 m2 - 0.0°,BLOCK1:APARTMENTXAXNEWXPNX0_Wall_3_0_0,5,Wall,UNKNOWN;BLOCK1:APARTMENTXAXNEWXPNX0;UNKNOWN;UNKNOWN;BLOCK1:APARTMENTXAXNEWXPNX0_Wall_3_0_0
surface_5,Surface,Building > BuildingBlock > UNKNOWN | BLOCK1:APARTMENTXAXNEWXPNX0,yes,no,,,APARTMENT_A_NEW_PN_01,,11.385,,,,,,,,,,,NotAdjacentToGround,False,-1,Wall,WallConstr;Title;WindAngle315;AnyOpeningOutput;WindAngle90;gbXMLSurfaceType;WindAngle135;WindAngle225;gbXMLExternalConstructionName;SSEPObjectIDCInOP;SSEPObjectNameInOP;WindAngle180;SSEPObjectAreaInOP;WindAngle45;WindAngle0;WindAngle270,Wall - 11.385 m2 - 270.0°,BLOCK1:APARTMENTXAXNEWXPNX0_Wall_4_0_0,5,Wall,UNKNOWN;BLOCK1:APARTMENTXAXNEWXPNX0;UNKNOWN;UNKNOWN;BLOCK1:APARTMENTXAXNEWXPNX0_Wall_4_0_0
surface_6,Surface,Building > BuildingBlock > UNKNOWN | BLOCK1:APARTMENTXAXNEWXPNX0,yes,no,,,APARTMENT_A_NEW_PN_01,,9.042,,,,,,,,,,,NotAdjacentToGround,True,Solid,Wall,Title;WindAngle315;AnyOpeningOutput;WindAngle90;gbXMLSurfaceType;WindAngle135;WindAngle225;InternalWallConstr;SSEPObjectIDCInOP;SSEPObjectNameInOP;WindAngle180;gbXMLInternalConstructionName;SSEPObjectAreaInOP;WindAngle45;WindAngle0;WindAngle270,"Partition - 9.042 m2 (Block 1, APARTMENT_A_NEW_WC_01)",BLOCK1:APARTMENTXAXNEWXPNX0_Partition_5_0_0,7,Wall,UNKNOWN;BLOCK1:APARTMENTXAXNEWXPNX0;UNKNOWN;UNKNOWN;BLOCK1:APARTMENTXAXNEWXPNX0_Partition_5_0_0
surface_7,Surface,Building > BuildingBlock > UNKNOWN | BLOCK1:APARTMENTXAXNEWXPNX0,yes,no,,,APARTMENT_A_NEW_PN_01,,3.729,,,,,,,,,,,NotAdjacentToGround,True,Solid,Wall,Title;WindAngle315;AnyOpeningOutput;WindAngle90;gbXMLSurfaceType;WindAngle135;WindAngle225;InternalWallConstr;SSEPObjectIDCInOP;SSEPObjectNameInOP;WindAngle180;gbXMLInternalConstructionName;SSEPObjectAreaInOP;WindAngle45;WindAngle0;WindAngle270,"Partition - 3.729 m2 (Block 1, APARTMENT_A_NEW_PK_PB)",BLOCK1:APARTMENTXAXNEWXPNX0_Partition_6_0_0,7,Wall,UNKNOWN;BLOCK1:APARTMENTXAXNEWXPNX0;UNKNOWN;UNKNOWN;BLOCK1:APARTMENTXAXNEWXPNX0_Partition_6_0_0
surface_8,Surface,Building > BuildingBlock > UNKNOWN | BLOCK1:APARTMENTXAXNEWXPNX0,yes,no,,,APARTMENT_A_NEW_PN_01,,7.673,,,,,,,,,,,NotAdjacentToGround,True,Solid,Wall,Title;WindAngle315;AnyOpeningOutput;WindAngle90;gbXMLSurfaceType;WindAngle135;WindAngle225;InternalWallConstr;SSEPObjectIDCInOP;SSEPObjectNameInOP;WindAngle180;gbXMLInternalConstructionName;SSEPObjectAreaInOP;WindAngle45;WindAngle0;WindAngle270,"Partition - 7.673 m2 (Block 1, APARTMENT_A_NEW_PK_PB)",BLOCK1:APARTMENTXAXNEWXPNX0_Partition_7_0_0,7,Wall,UNKNOWN;BLOCK1:APARTMENTXAXNEWXPNX0;UNKNOWN;UNKNOWN;BLOCK1:APARTMENTXAXNEWXPNX0_Partition_7_0_0
surface_9,Surface,Building > BuildingBlock > UNKNOWN | BLOCK1:APARTMENTXAXNEWXLOGI,no,no,,,APARTMENT_A_NEW_LOGIA,,3.763,,,,,,,,,,,AdjacentToGround,False,-1,Floor,Title;WindAngle315;AnyOpeningOutput;WindAngle90;gbXMLSurfaceType;WindAngle135;WindAngle225;gbXMLExternalConstructionName;SSEPObjectIDCInOP;SSEPObjectNameInOP;CombinedGroundFloorConstr;WindAngle180;SSEPObjectAreaInOP;WindAngle45;WindAngle0;WindAngle270,Ground floor - 3.763 m2 (Ground),BLOCK1:APARTMENTXAXNEWXLOGI_GroundFloor_0_0_0,1,Floor,UNKNOWN;BLOCK1:APARTMENTXAXNEWXLOGI;UNKNOWN;UNKNOWN;BLOCK1:APARTMENTXAXNEWXLOGI_GroundFloor_0_0_0
surface_10,Surface,Building > BuildingBlock > UNKNOWN | BLOCK1:APARTMENTXAXNEWXLOGI,no,no,,,APARTMENT_A_NEW_LOGIA,,3.763,,,,,,,,,,,NotAdjacentToGround,False,-1,FlatRoof,Title;WindAngle315;AnyOpeningOutput;WindAngle90;gbXMLSurfaceType;WindAngle135;WindAngle225;gbXMLExternalConstructionName;SSEPObjectIDCInOP;SSEPObjectNameInOP;WindAngle180;SSEPObjectAreaInOP;CombinedFlatRoofConstr;WindAngle45;WindAngle0;WindAngle270,Roof - 3.763 m2,BLOCK1:APARTMENTXAXNEWXLOGI_Roof_1_0_0,3,Roof,UNKNOWN;BLOCK1:APARTMENTXAXNEWXLOGI;UNKNOWN;UNKNOWN;BLOCK1:APARTMENTXAXNEWXLOGI_Roof_1_0_0
surface_11,Surface,Building > BuildingBlock > UNKNOWN | BLOCK1:APARTMENTXAXNEWXLOGI,yes,yes,APARTMENT_A_NEW_LOGIA_WALL_03,APARTMENT_A_NEW_LOGIA,APARTMENT_A_NEW_LOGIA,3.713,3.713,0.000,in_idf_surface_name,unique_in_idf_surface_name,BLOCK1:APARTMENTXAXNEWXLOGI_Wall_2_0_0,BLOCK1:APARTMENTXAXNEWXLOGI,IDF IBST_W180_PL15_BR150_PL15 - ctn7,Outdoors,3.713,0.000,unique_zone_area_construction,NotAdjacentToGround,False,-1,Wall,WallConstr;Title;WindAngle315;AnyOpeningOutput;WindAngle90;gbXMLSurfaceType;WindAngle135;WindAngle225;gbXMLExternalConstructionName;SSEPObjectIDCInOP;SSEPObjectNameInOP;WindAngle180;Adjacency;SSEPObjectAreaInOP;WindAngle45;WindAngle0;WindAngle270,Wall - 3.713 m2 - 90.0°,BLOCK1:APARTMENTXAXNEWXLOGI_Wall_2_0_0,13,Wall,UNKNOWN;BLOCK1:APARTMENTXAXNEWXLOGI;UNKNOWN;UNKNOWN;BLOCK1:APARTMENTXAXNEWXLOGI_Wall_2_0_0
surface_12,Surface,Building > BuildingBlock > UNKNOWN | BLOCK1:APARTMENTXAXNEWXLOGI,yes,no,,,APARTMENT_A_NEW_LOGIA,,11.039,,,,,,,,,,,NotAdjacentToGround,False,-1,Wall,WallConstr;Title;WindAngle315;AnyOpeningOutput;WindAngle90;gbXMLSurfaceType;WindAngle135;WindAngle225;gbXMLExternalConstructionName;SSEPObjectIDCInOP;SSEPObjectNameInOP;WindAngle180;SSEPObjectAreaInOP;WindAngle45;WindAngle0;WindAngle270,Wall - 11.039 m2 - 0.0°,BLOCK1:APARTMENTXAXNEWXLOGI_Wall_3_0_0,5,Wall,UNKNOWN;BLOCK1:APARTMENTXAXNEWXLOGI;UNKNOWN;UNKNOWN;BLOCK1:APARTMENTXAXNEWXLOGI_Wall_3_0_0
surface_13,Surface,Building > BuildingBlock > UNKNOWN | BLOCK1:APARTMENTXAXNEWXLOGI,yes,no,,,APARTMENT_A_NEW_LOGIA,,3.713,,,,,,,,,,,NotAdjacentToGround,True,Solid,Wall,Title;WindAngle315;AnyOpeningOutput;WindAngle90;gbXMLSurfaceType;WindAngle135;WindAngle225;InternalWallConstr;SSEPObjectIDCInOP;SSEPObjectNameInOP;WindAngle180;gbXMLInternalConstructionName;SSEPObjectAreaInOP;WindAngle45;WindAngle0;WindAngle270,"Partition - 3.713 m2 (Block 1, APARTMENT_A_NEW_PN_01)",BLOCK1:APARTMENTXAXNEWXLOGI_Partition_4_0_10000,5,Wall,UNKNOWN;BLOCK1:APARTMENTXAXNEWXLOGI;UNKNOWN;UNKNOWN;BLOCK1:APARTMENTXAXNEWXLOGI_Partition_4_0_10000
surface_14,Surface,Building > BuildingBlock > UNKNOWN | BLOCK1:APARTMENTXAXNEWXLOGI,yes,no,,,APARTMENT_A_NEW_LOGIA,,11.039,,,,,,,,,,,NotAdjacentToGround,True,Solid,Wall,Title;WindAngle315;AnyOpeningOutput;WindAngle90;gbXMLSurfaceType;WindAngle135;WindAngle225;InternalWallConstr;SSEPObjectIDCInOP;SSEPObjectNameInOP;WindAngle180;gbXMLInternalConstructionName;SSEPObjectAreaInOP;WindAngle45;WindAngle0;WindAngle270,"Partition - 11.039 m2 (Block 1, APARTMENT_A_NEW_PK_PB)",BLOCK1:APARTMENTXAXNEWXLOGI_Partition_5_0_0,5,Wall,UNKNOWN;BLOCK1:APARTMENTXAXNEWXLOGI;UNKNOWN;UNKNOWN;BLOCK1:APARTMENTXAXNEWXLOGI_Partition_5_0_0
surface_15,Surface,Building > BuildingBlock > UNKNOWN | BLOCK1:APARTMENTXAXNEWXPKXP,no,no,,,,,22.049,,,,,,,,,,,AdjacentToGround,False,-1,Floor,Title;WindAngle315;AnyOpeningOutput;WindAngle90;gbXMLSurfaceType;WindAngle135;WindAngle225;gbXMLExternalConstructionName;SSEPObjectIDCInOP;SSEPObjectNameInOP;CombinedGroundFloorConstr;WindAngle180;SSEPObjectAreaInOP;WindAngle45;WindAngle0;WindAngle270,Ground floor - 22.049 m2 (Ground),"BLOCK1:APARTMENTXAXNEWXPKXP_GroundFloor_0_0_0, BLOCK1:APARTMENTXAXNEWXPKXP_GroundFloor_0_0_1, BLOCK1:APARTMENTXAXNEWXPKXP_GroundFloor_0_0_2","1, 1, 1",Floor,"UNKNOWN;BLOCK1:APARTMENTXAXNEWXPKXP;UNKNOWN;UNKNOWN;BLOCK1:APARTMENTXAXNEWXPKXP_GroundFloor_0_0_0, BLOCK1:APARTMENTXAXNEWXPKXP_GroundFloor_0_0_1, BLOCK1:APARTMENTXAXNEWXPKXP_GroundFloor_0_0_2"
surface_16,Surface,Building > BuildingBlock > UNKNOWN | BLOCK1:APARTMENTXAXNEWXPKXP,no,no,,,,,22.049,,,,,,,,,,,NotAdjacentToGround,False,-1,FlatRoof,Title;WindAngle315;AnyOpeningOutput;WindAngle90;gbXMLSurfaceType;WindAngle135;WindAngle225;gbXMLExternalConstructionName;SSEPObjectIDCInOP;SSEPObjectNameInOP;WindAngle180;SSEPObjectAreaInOP;CombinedFlatRoofConstr;WindAngle45;WindAngle0;WindAngle270,Roof - 22.049 m2,"BLOCK1:APARTMENTXAXNEWXPKXP_Roof_1_0_0, BLOCK1:APARTMENTXAXNEWXPKXP_Roof_1_0_1, BLOCK1:APARTMENTXAXNEWXPKXP_Roof_1_0_2","3, 3, 3",Roof,"UNKNOWN;BLOCK1:APARTMENTXAXNEWXPKXP;UNKNOWN;UNKNOWN;BLOCK1:APARTMENTXAXNEWXPKXP_Roof_1_0_0, BLOCK1:APARTMENTXAXNEWXPKXP_Roof_1_0_1, BLOCK1:APARTMENTXAXNEWXPKXP_Roof_1_0_2"
surface_17,Surface,Building > BuildingBlock > UNKNOWN | BLOCK1:APARTMENTXAXNEWXPKXP,yes,yes,APARTMENT_A_NEW_PK_PB_WALL_10,APARTMENT_A_NEW_PK_PB,,17.144,17.144,0.000,in_idf_surface_name,unique_in_idf_surface_name,BLOCK1:APARTMENTXAXNEWXPKXP_Wall_2_0_0,BLOCK1:APARTMENTXAXNEWXPKXP,IDF IBST_W180_PL15_BR150_PL15 - ctn7,Outdoors,17.144,0.000,unique_zone_area_construction,NotAdjacentToGround,False,-1,Wall,WallConstr;Title;WindAngle315;AnyOpeningOutput;WindAngle90;gbXMLSurfaceType;WindAngle135;WindAngle225;gbXMLExternalConstructionName;SSEPObjectIDCInOP;SSEPObjectNameInOP;WindAngle180;Adjacency;SSEPObjectAreaInOP;WindAngle45;WindAngle0;WindAngle270,Wall - 17.144 m2 - 90.0°,BLOCK1:APARTMENTXAXNEWXPKXP_Wall_2_0_0,13,Wall,UNKNOWN;BLOCK1:APARTMENTXAXNEWXPKXP;UNKNOWN;UNKNOWN;BLOCK1:APARTMENTXAXNEWXPKXP_Wall_2_0_0
surface_18,Surface,Building > BuildingBlock > UNKNOWN | BLOCK1:APARTMENTXAXNEWXPKXP,yes,no,,,,,11.039,,,,,,,,,,,NotAdjacentToGround,True,Solid,Wall,Title;WindAngle315;AnyOpeningOutput;WindAngle90;gbXMLSurfaceType;WindAngle135;WindAngle225;InternalWallConstr;SSEPObjectIDCInOP;SSEPObjectNameInOP;WindAngle180;gbXMLInternalConstructionName;SSEPObjectAreaInOP;WindAngle45;WindAngle0;WindAngle270,"Partition - 11.039 m2 (Block 1, APARTMENT_A_NEW_LOGIA)",BLOCK1:APARTMENTXAXNEWXPKXP_Partition_3_0_10006,5,Wall,UNKNOWN;BLOCK1:APARTMENTXAXNEWXPKXP;UNKNOWN;UNKNOWN;BLOCK1:APARTMENTXAXNEWXPKXP_Partition_3_0_10006
surface_19,Surface,Building > BuildingBlock > UNKNOWN | BLOCK1:APARTMENTXAXNEWXPKXP,yes,no,,,,,7.673,,,,,,,,,,,NotAdjacentToGround,True,Solid,Wall,Title;WindAngle315;AnyOpeningOutput;WindAngle90;gbXMLSurfaceType;WindAngle135;WindAngle225;InternalWallConstr;SSEPObjectIDCInOP;SSEPObjectNameInOP;WindAngle180;gbXMLInternalConstructionName;SSEPObjectAreaInOP;WindAngle45;WindAngle0;WindAngle270,"Partition - 7.673 m2 (Block 1, APARTMENT_A_NEW_PN_01)",BLOCK1:APARTMENTXAXNEWXPKXP_Partition_4_0_10005,7,Wall,UNKNOWN;BLOCK1:APARTMENTXAXNEWXPKXP;UNKNOWN;UNKNOWN;BLOCK1:APARTMENTXAXNEWXPKXP_Partition_4_0_10005
surface_20,Surface,Building > BuildingBlock > UNKNOWN | BLOCK1:APARTMENTXAXNEWXPKXP,yes,no,,,,,3.729,,,,,,,,,,,NotAdjacentToGround,True,Solid,Wall,Title;WindAngle315;AnyOpeningOutput;WindAngle90;gbXMLSurfaceType;WindAngle135;WindAngle225;InternalWallConstr;SSEPObjectIDCInOP;SSEPObjectNameInOP;WindAngle180;gbXMLInternalConstructionName;SSEPObjectAreaInOP;WindAngle45;WindAngle0;WindAngle270,"Partition - 3.729 m2 (Block 1, APARTMENT_A_NEW_PN_01)",BLOCK1:APARTMENTXAXNEWXPKXP_Partition_5_0_10003,7,Wall,UNKNOWN;BLOCK1:APARTMENTXAXNEWXPKXP;UNKNOWN;UNKNOWN;BLOCK1:APARTMENTXAXNEWXPKXP_Partition_5_0_10003
surface_21,Surface,Building > BuildingBlock > UNKNOWN | BLOCK1:APARTMENTXAXNEWXPKXP,yes,no,,,,,5.148,,,,,,,,,,,NotAdjacentToGround,True,Solid,Wall,Title;WindAngle315;AnyOpeningOutput;WindAngle90;gbXMLSurfaceType;WindAngle135;WindAngle225;InternalWallConstr;SSEPObjectIDCInOP;SSEPObjectNameInOP;WindAngle180;gbXMLInternalConstructionName;SSEPObjectAreaInOP;WindAngle45;WindAngle0;WindAngle270,"Partition - 5.148 m2 (Block 1, APARTMENT_A_NEW_WC_01)",BLOCK1:APARTMENTXAXNEWXPKXP_Partition_6_0_0,7,Wall,UNKNOWN;BLOCK1:APARTMENTXAXNEWXPKXP;UNKNOWN;UNKNOWN;BLOCK1:APARTMENTXAXNEWXPKXP_Partition_6_0_0
surface_22,Surface,Building > BuildingBlock > UNKNOWN | BLOCK1:APARTMENTXAXNEWXPKXP,yes,no,,,,,3.729,,,,,,,,,,,NotAdjacentToGround,True,Solid,Wall,Title;WindAngle315;AnyOpeningOutput;WindAngle90;gbXMLSurfaceType;WindAngle135;WindAngle225;InternalWallConstr;SSEPObjectIDCInOP;SSEPObjectNameInOP;WindAngle180;gbXMLInternalConstructionName;SSEPObjectAreaInOP;WindAngle45;WindAngle0;WindAngle270,"Partition - 3.729 m2 (Block 1, APARTMENT_A_NEW_PN_02)",BLOCK1:APARTMENTXAXNEWXPKXP_Partition_7_0_0,7,Wall,UNKNOWN;BLOCK1:APARTMENTXAXNEWXPKXP;UNKNOWN;UNKNOWN;BLOCK1:APARTMENTXAXNEWXPKXP_Partition_7_0_0
surface_23,Surface,Building > BuildingBlock > UNKNOWN | BLOCK1:APARTMENTXAXNEWXPKXP,yes,no,,,,,10.989,,,,,,,,,,,NotAdjacentToGround,True,Solid,Wall,Title;WindAngle315;AnyOpeningOutput;WindAngle90;gbXMLSurfaceType;WindAngle135;WindAngle225;InternalWallConstr;SSEPObjectIDCInOP;SSEPObjectNameInOP;WindAngle180;gbXMLInternalConstructionName;SSEPObjectAreaInOP;WindAngle45;WindAngle0;WindAngle270,"Partition - 10.989 m2 (Block 1, APARTMENT_A_NEW_PN_02)",BLOCK1:APARTMENTXAXNEWXPKXP_Partition_8_0_0,7,Wall,UNKNOWN;BLOCK1:APARTMENTXAXNEWXPKXP;UNKNOWN;UNKNOWN;BLOCK1:APARTMENTXAXNEWXPKXP_Partition_8_0_0
surface_24,Surface,Building > BuildingBlock > UNKNOWN | BLOCK1:APARTMENTXAXNEWXPKXP,yes,yes,APARTMENT_A_NEW_PK_PB_WALL_09,APARTMENT_A_NEW_PK_PB,,4.752,4.752,0.000,in_idf_surface_name,unique_in_idf_surface_name,BLOCK1:APARTMENTXAXNEWXPKXP_Wall_9_0_0,BLOCK1:APARTMENTXAXNEWXPKXP,IDF IBST_W180_PL15_BR150_PL15 - ctn7,Outdoors,4.752,0.000,unique_zone_area_construction,NotAdjacentToGround,False,-1,Wall,WallConstr;Title;WindAngle315;AnyOpeningOutput;WindAngle90;gbXMLSurfaceType;WindAngle135;WindAngle225;gbXMLExternalConstructionName;SSEPObjectIDCInOP;SSEPObjectNameInOP;WindAngle180;Adjacency;SSEPObjectAreaInOP;WindAngle45;WindAngle0;WindAngle270,Wall - 4.752 m2 - 180.0°,BLOCK1:APARTMENTXAXNEWXPKXP_Wall_9_0_0,13,Wall,UNKNOWN;BLOCK1:APARTMENTXAXNEWXPKXP;UNKNOWN;UNKNOWN;BLOCK1:APARTMENTXAXNEWXPKXP_Wall_9_0_0
surface_25,Surface,Building > BuildingBlock > UNKNOWN | BLOCK1:APARTMENTXAXNEWXPKXP,yes,no,,,,,6.666,,,,,,,,,,,NotAdjacentToGround,True,Solid,Wall,Title;WindAngle315;AnyOpeningOutput;WindAngle90;gbXMLSurfaceType;WindAngle135;WindAngle225;InternalWallConstr;SSEPObjectIDCInOP;SSEPObjectNameInOP;WindAngle180;gbXMLInternalConstructionName;SSEPObjectAreaInOP;WindAngle45;WindAngle0;WindAngle270,"Partition - 6.666 m2 (Block 1, APARTMENT_A_NEW_WC_02)",BLOCK1:APARTMENTXAXNEWXPKXP_Partition_10_0_0,7,Wall,UNKNOWN;BLOCK1:APARTMENTXAXNEWXPKXP;UNKNOWN;UNKNOWN;BLOCK1:APARTMENTXAXNEWXPKXP_Partition_10_0_0
surface_26,Surface,Building > BuildingBlock > UNKNOWN | BLOCK1:APARTMENTXAXNEWXPKXP,yes,no,,,,,6.287,,,,,,,,,,,NotAdjacentToGround,True,Solid,Wall,Title;WindAngle315;AnyOpeningOutput;WindAngle90;gbXMLSurfaceType;WindAngle135;WindAngle225;InternalWallConstr;SSEPObjectIDCInOP;SSEPObjectNameInOP;WindAngle180;gbXMLInternalConstructionName;SSEPObjectAreaInOP;WindAngle45;WindAngle0;WindAngle270,"Partition - 6.287 m2 (Block 1, APARTMENT_A_NEW_WC_02)",BLOCK1:APARTMENTXAXNEWXPKXP_Partition_11_0_0,7,Wall,UNKNOWN;BLOCK1:APARTMENTXAXNEWXPKXP;UNKNOWN;UNKNOWN;BLOCK1:APARTMENTXAXNEWXPKXP_Partition_11_0_0
surface_27,Surface,Building > BuildingBlock > UNKNOWN | BLOCK1:APARTMENTXAXNEWXWCX0,no,no,,,APARTMENT_A_NEW_WC_02,,3.848,,,,,,,,,,,AdjacentToGround,False,-1,Floor,Title;WindAngle315;AnyOpeningOutput;WindAngle90;gbXMLSurfaceType;WindAngle135;WindAngle225;gbXMLExternalConstructionName;SSEPObjectIDCInOP;SSEPObjectNameInOP;CombinedGroundFloorConstr;WindAngle180;SSEPObjectAreaInOP;WindAngle45;WindAngle0;WindAngle270,Ground floor - 3.848 m2 (Ground),BLOCK1:APARTMENTXAXNEWXWCX0_GroundFloor_0_0_0,1,Floor,UNKNOWN;BLOCK1:APARTMENTXAXNEWXWCX0;UNKNOWN;UNKNOWN;BLOCK1:APARTMENTXAXNEWXWCX0_GroundFloor_0_0_0
surface_28,Surface,Building > BuildingBlock > UNKNOWN | BLOCK1:APARTMENTXAXNEWXWCX0,no,no,,,APARTMENT_A_NEW_WC_02,,3.848,,,,,,,,,,,NotAdjacentToGround,False,-1,FlatRoof,Title;WindAngle315;AnyOpeningOutput;WindAngle90;gbXMLSurfaceType;WindAngle135;WindAngle225;gbXMLExternalConstructionName;SSEPObjectIDCInOP;SSEPObjectNameInOP;WindAngle180;SSEPObjectAreaInOP;CombinedFlatRoofConstr;WindAngle45;WindAngle0;WindAngle270,Roof - 3.848 m2,BLOCK1:APARTMENTXAXNEWXWCX0_Roof_1_0_0,3,Roof,UNKNOWN;BLOCK1:APARTMENTXAXNEWXWCX0;UNKNOWN;UNKNOWN;BLOCK1:APARTMENTXAXNEWXWCX0_Roof_1_0_0
surface_29,Surface,Building > BuildingBlock > UNKNOWN | BLOCK1:APARTMENTXAXNEWXWCX0,yes,yes,APARTMENT_A_NEW_WC_02_WALL_04,APARTMENT_A_NEW_WC_02,APARTMENT_A_NEW_WC_02,6.666,6.666,0.000,in_idf_surface_name,unique_in_idf_surface_name,BLOCK1:APARTMENTXAXNEWXWCX0_Wall_2_0_0,BLOCK1:APARTMENTXAXNEWXWCX0,IDF IBST_W180_PL15_BR150_PL15 - ctn7,Outdoors,6.666,0.000,unique_zone_area_construction,NotAdjacentToGround,False,-1,Wall,WallConstr;Title;WindAngle315;AnyOpeningOutput;WindAngle90;gbXMLSurfaceType;WindAngle135;WindAngle225;gbXMLExternalConstructionName;SSEPObjectIDCInOP;SSEPObjectNameInOP;WindAngle180;Adjacency;SSEPObjectAreaInOP;WindAngle45;WindAngle0;WindAngle270,Wall - 6.666 m2 - 90.0°,BLOCK1:APARTMENTXAXNEWXWCX0_Wall_2_0_0,13,Wall,UNKNOWN;BLOCK1:APARTMENTXAXNEWXWCX0;UNKNOWN;UNKNOWN;BLOCK1:APARTMENTXAXNEWXWCX0_Wall_2_0_0
surface_30,Surface,Building > BuildingBlock > UNKNOWN | BLOCK1:APARTMENTXAXNEWXWCX0,yes,no,,,APARTMENT_A_NEW_WC_02,,6.287,,,,,,,,,,,NotAdjacentToGround,True,Solid,Wall,Title;WindAngle315;AnyOpeningOutput;WindAngle90;gbXMLSurfaceType;WindAngle135;WindAngle225;InternalWallConstr;SSEPObjectIDCInOP;SSEPObjectNameInOP;WindAngle180;gbXMLInternalConstructionName;SSEPObjectAreaInOP;WindAngle45;WindAngle0;WindAngle270,"Partition - 6.287 m2 (Block 1, APARTMENT_A_NEW_PK_PB)",BLOCK1:APARTMENTXAXNEWXWCX0_Partition_3_0_10014,7,Wall,UNKNOWN;BLOCK1:APARTMENTXAXNEWXWCX0;UNKNOWN;UNKNOWN;BLOCK1:APARTMENTXAXNEWXWCX0_Partition_3_0_10014
surface_31,Surface,Building > BuildingBlock > UNKNOWN | BLOCK1:APARTMENTXAXNEWXWCX0,yes,no,,,APARTMENT_A_NEW_WC_02,,6.666,,,,,,,,,,,NotAdjacentToGround,True,Solid,Wall,Title;WindAngle315;AnyOpeningOutput;WindAngle90;gbXMLSurfaceType;WindAngle135;WindAngle225;InternalWallConstr;SSEPObjectIDCInOP;SSEPObjectNameInOP;WindAngle180;gbXMLInternalConstructionName;SSEPObjectAreaInOP;WindAngle45;WindAngle0;WindAngle270,"Partition - 6.666 m2 (Block 1, APARTMENT_A_NEW_PK_PB)",BLOCK1:APARTMENTXAXNEWXWCX0_Partition_4_0_10012,7,Wall,UNKNOWN;BLOCK1:APARTMENTXAXNEWXWCX0;UNKNOWN;UNKNOWN;BLOCK1:APARTMENTXAXNEWXWCX0_Partition_4_0_10012
surface_32,Surface,Building > BuildingBlock > UNKNOWN | BLOCK1:APARTMENTXAXNEWXWCX0,yes,yes,APARTMENT_A_NEW_WC_02_WALL_03,APARTMENT_A_NEW_WC_02,APARTMENT_A_NEW_WC_02,6.287,6.287,0.000,in_idf_surface_name,unique_in_idf_surface_name,BLOCK1:APARTMENTXAXNEWXWCX0_Wall_5_0_0,BLOCK1:APARTMENTXAXNEWXWCX0,IDF IBST_W180_PL15_BR150_PL15 - ctn7,Outdoors,6.287,0.000,unique_zone_area_construction,NotAdjacentToGround,False,-1,Wall,WallConstr;Title;WindAngle315;AnyOpeningOutput;WindAngle90;gbXMLSurfaceType;WindAngle135;WindAngle225;gbXMLExternalConstructionName;SSEPObjectIDCInOP;SSEPObjectNameInOP;WindAngle180;Adjacency;SSEPObjectAreaInOP;WindAngle45;WindAngle0;WindAngle270,Wall - 6.287 m2 - 180.0°,BLOCK1:APARTMENTXAXNEWXWCX0_Wall_5_0_0,13,Wall,UNKNOWN;BLOCK1:APARTMENTXAXNEWXWCX0;UNKNOWN;UNKNOWN;BLOCK1:APARTMENTXAXNEWXWCX0_Wall_5_0_0
surface_33,Surface,Building > BuildingBlock > UNKNOWN | BLOCK1:APARTMENTXAXNEWXPNX0Q1,no,no,,,APARTMENT_A_NEW_PN_02,,12.887,,,,,,,,,,,AdjacentToGround,False,-1,Floor,Title;WindAngle315;AnyOpeningOutput;WindAngle90;gbXMLSurfaceType;WindAngle135;WindAngle225;gbXMLExternalConstructionName;SSEPObjectIDCInOP;SSEPObjectNameInOP;CombinedGroundFloorConstr;WindAngle180;SSEPObjectAreaInOP;WindAngle45;WindAngle0;WindAngle270,Ground floor - 12.887 m2 (Ground),BLOCK1:APARTMENTXAXNEWXPNX0Q1_GroundFloor_0_0_0,1,Floor,UNKNOWN;BLOCK1:APARTMENTXAXNEWXPNX0Q1;UNKNOWN;UNKNOWN;BLOCK1:APARTMENTXAXNEWXPNX0Q1_GroundFloor_0_0_0
surface_34,Surface,Building > BuildingBlock > UNKNOWN | BLOCK1:APARTMENTXAXNEWXPNX0Q1,no,no,,,APARTMENT_A_NEW_PN_02,,12.887,,,,,,,,,,,NotAdjacentToGround,False,-1,FlatRoof,Title;WindAngle315;AnyOpeningOutput;WindAngle90;gbXMLSurfaceType;WindAngle135;WindAngle225;gbXMLExternalConstructionName;SSEPObjectIDCInOP;SSEPObjectNameInOP;WindAngle180;SSEPObjectAreaInOP;CombinedFlatRoofConstr;WindAngle45;WindAngle0;WindAngle270,Roof - 12.887 m2,BLOCK1:APARTMENTXAXNEWXPNX0Q1_Roof_1_0_0,3,Roof,UNKNOWN;BLOCK1:APARTMENTXAXNEWXPNX0Q1;UNKNOWN;UNKNOWN;BLOCK1:APARTMENTXAXNEWXPNX0Q1_Roof_1_0_0
surface_35,Surface,Building > BuildingBlock > UNKNOWN | BLOCK1:APARTMENTXAXNEWXPNX0Q1,yes,no,,,APARTMENT_A_NEW_PN_02,,10.989,,,,,,,,,,,NotAdjacentToGround,True,Solid,Wall,Title;WindAngle315;AnyOpeningOutput;WindAngle90;gbXMLSurfaceType;WindAngle135;WindAngle225;InternalWallConstr;SSEPObjectIDCInOP;SSEPObjectNameInOP;WindAngle180;gbXMLInternalConstructionName;SSEPObjectAreaInOP;WindAngle45;WindAngle0;WindAngle270,"Partition - 10.989 m2 (Block 1, APARTMENT_A_NEW_PK_PB)",BLOCK1:APARTMENTXAXNEWXPNX0Q1_Partition_2_0_10011,7,Wall,UNKNOWN;BLOCK1:APARTMENTXAXNEWXPNX0Q1;UNKNOWN;UNKNOWN;BLOCK1:APARTMENTXAXNEWXPNX0Q1_Partition_2_0_10011
surface_36,Surface,Building > BuildingBlock > UNKNOWN | BLOCK1:APARTMENTXAXNEWXPNX0Q1,yes,no,,,APARTMENT_A_NEW_PN_02,,3.729,,,,,,,,,,,NotAdjacentToGround,True,Solid,Wall,Title;WindAngle315;AnyOpeningOutput;WindAngle90;gbXMLSurfaceType;WindAngle135;WindAngle225;InternalWallConstr;SSEPObjectIDCInOP;SSEPObjectNameInOP;WindAngle180;gbXMLInternalConstructionName;SSEPObjectAreaInOP;WindAngle45;WindAngle0;WindAngle270,"Partition - 3.729 m2 (Block 1, APARTMENT_A_NEW_PK_PB)",BLOCK1:APARTMENTXAXNEWXPNX0Q1_Partition_3_0_10009,7,Wall,UNKNOWN;BLOCK1:APARTMENTXAXNEWXPNX0Q1;UNKNOWN;UNKNOWN;BLOCK1:APARTMENTXAXNEWXPNX0Q1_Partition_3_0_10009
surface_37,Surface,Building > BuildingBlock > UNKNOWN | BLOCK1:APARTMENTXAXNEWXPNX0Q1,yes,no,,,APARTMENT_A_NEW_PN_02,,9.042,,,,,,,,,,,NotAdjacentToGround,True,Solid,Wall,Title;WindAngle315;AnyOpeningOutput;WindAngle90;gbXMLSurfaceType;WindAngle135;WindAngle225;InternalWallConstr;SSEPObjectIDCInOP;SSEPObjectNameInOP;WindAngle180;gbXMLInternalConstructionName;SSEPObjectAreaInOP;WindAngle45;WindAngle0;WindAngle270,"Partition - 9.042 m2 (Block 1, APARTMENT_A_NEW_WC_01)",BLOCK1:APARTMENTXAXNEWXPNX0Q1_Partition_4_0_0,7,Wall,UNKNOWN;BLOCK1:APARTMENTXAXNEWXPNX0Q1;UNKNOWN;UNKNOWN;BLOCK1:APARTMENTXAXNEWXPNX0Q1_Partition_4_0_0
surface_38,Surface,Building > BuildingBlock > UNKNOWN | BLOCK1:APARTMENTXAXNEWXPNX0Q1,yes,no,,,APARTMENT_A_NEW_PN_02,,10.989,,,,,,,,,,,NotAdjacentToGround,False,-1,Wall,WallConstr;Title;WindAngle315;AnyOpeningOutput;WindAngle90;gbXMLSurfaceType;WindAngle135;WindAngle225;gbXMLExternalConstructionName;SSEPObjectIDCInOP;SSEPObjectNameInOP;WindAngle180;SSEPObjectAreaInOP;WindAngle45;WindAngle0;WindAngle270,Wall - 10.989 m2 - 270.0°,BLOCK1:APARTMENTXAXNEWXPNX0Q1_Wall_5_0_0,5,Wall,UNKNOWN;BLOCK1:APARTMENTXAXNEWXPNX0Q1;UNKNOWN;UNKNOWN;BLOCK1:APARTMENTXAXNEWXPNX0Q1_Wall_5_0_0
surface_39,Surface,Building > BuildingBlock > UNKNOWN | BLOCK1:APARTMENTXAXNEWXPNX0Q1,yes,yes,APARTMENT_A_NEW_PN_02_WALL_05,APARTMENT_A_NEW_PN_02,APARTMENT_A_NEW_PN_02,12.771,12.771,0.000,in_idf_surface_name,unique_in_idf_surface_name,BLOCK1:APARTMENTXAXNEWXPNX0Q1_Wall_6_0_0,BLOCK1:APARTMENTXAXNEWXPNX0Q1,IDF IBST_W180_PL15_BR150_PL15 - ctn7,Outdoors,12.771,0.000,unique_zone_area_construction,NotAdjacentToGround,False,-1,Wall,WallConstr;Title;WindAngle315;AnyOpeningOutput;WindAngle90;gbXMLSurfaceType;WindAngle135;WindAngle225;gbXMLExternalConstructionName;SSEPObjectIDCInOP;SSEPObjectNameInOP;WindAngle180;Adjacency;SSEPObjectAreaInOP;WindAngle45;WindAngle0;WindAngle270,Wall - 12.771 m2 - 180.0°,BLOCK1:APARTMENTXAXNEWXPNX0Q1_Wall_6_0_0,13,Wall,UNKNOWN;BLOCK1:APARTMENTXAXNEWXPNX0Q1;UNKNOWN;UNKNOWN;BLOCK1:APARTMENTXAXNEWXPNX0Q1_Wall_6_0_0
surface_40,Surface,Building > BuildingBlock > UNKNOWN | BLOCK1:APARTMENTXAXNEWXWCX0Q1,no,no,,,APARTMENT_A_NEW_WC_01,,4.274,,,,,,,,,,,AdjacentToGround,False,-1,Floor,Title;WindAngle315;AnyOpeningOutput;WindAngle90;gbXMLSurfaceType;WindAngle135;WindAngle225;gbXMLExternalConstructionName;SSEPObjectIDCInOP;SSEPObjectNameInOP;CombinedGroundFloorConstr;WindAngle180;SSEPObjectAreaInOP;WindAngle45;WindAngle0;WindAngle270,Ground floor - 4.274 m2 (Ground),BLOCK1:APARTMENTXAXNEWXWCX0Q1_GroundFloor_0_0_0,1,Floor,UNKNOWN;BLOCK1:APARTMENTXAXNEWXWCX0Q1;UNKNOWN;UNKNOWN;BLOCK1:APARTMENTXAXNEWXWCX0Q1_GroundFloor_0_0_0
surface_41,Surface,Building > BuildingBlock > UNKNOWN | BLOCK1:APARTMENTXAXNEWXWCX0Q1,no,no,,,APARTMENT_A_NEW_WC_01,,4.274,,,,,,,,,,,NotAdjacentToGround,False,-1,FlatRoof,Title;WindAngle315;AnyOpeningOutput;WindAngle90;gbXMLSurfaceType;WindAngle135;WindAngle225;gbXMLExternalConstructionName;SSEPObjectIDCInOP;SSEPObjectNameInOP;WindAngle180;SSEPObjectAreaInOP;CombinedFlatRoofConstr;WindAngle45;WindAngle0;WindAngle270,Roof - 4.274 m2,BLOCK1:APARTMENTXAXNEWXWCX0Q1_Roof_1_0_0,3,Roof,UNKNOWN;BLOCK1:APARTMENTXAXNEWXWCX0Q1;UNKNOWN;UNKNOWN;BLOCK1:APARTMENTXAXNEWXWCX0Q1_Roof_1_0_0
surface_42,Surface,Building > BuildingBlock > UNKNOWN | BLOCK1:APARTMENTXAXNEWXWCX0Q1,yes,no,,,APARTMENT_A_NEW_WC_01,,5.148,,,,,,,,,,,NotAdjacentToGround,True,Solid,Wall,Title;WindAngle315;AnyOpeningOutput;WindAngle90;gbXMLSurfaceType;WindAngle135;WindAngle225;InternalWallConstr;SSEPObjectIDCInOP;SSEPObjectNameInOP;WindAngle180;gbXMLInternalConstructionName;SSEPObjectAreaInOP;WindAngle45;WindAngle0;WindAngle270,"Partition - 5.148 m2 (Block 1, APARTMENT_A_NEW_PK_PB)",BLOCK1:APARTMENTXAXNEWXWCX0Q1_Partition_2_0_10008,7,Wall,UNKNOWN;BLOCK1:APARTMENTXAXNEWXWCX0Q1;UNKNOWN;UNKNOWN;BLOCK1:APARTMENTXAXNEWXWCX0Q1_Partition_2_0_10008
surface_43,Surface,Building > BuildingBlock > UNKNOWN | BLOCK1:APARTMENTXAXNEWXWCX0Q1,yes,no,,,APARTMENT_A_NEW_WC_01,,9.042,,,,,,,,,,,NotAdjacentToGround,True,Solid,Wall,Title;WindAngle315;AnyOpeningOutput;WindAngle90;gbXMLSurfaceType;WindAngle135;WindAngle225;InternalWallConstr;SSEPObjectIDCInOP;SSEPObjectNameInOP;WindAngle180;gbXMLInternalConstructionName;SSEPObjectAreaInOP;WindAngle45;WindAngle0;WindAngle270,"Partition - 9.042 m2 (Block 1, APARTMENT_A_NEW_PN_01)",BLOCK1:APARTMENTXAXNEWXWCX0Q1_Partition_3_0_10001,7,Wall,UNKNOWN;BLOCK1:APARTMENTXAXNEWXWCX0Q1;UNKNOWN;UNKNOWN;BLOCK1:APARTMENTXAXNEWXWCX0Q1_Partition_3_0_10001
surface_44,Surface,Building > BuildingBlock > UNKNOWN | BLOCK1:APARTMENTXAXNEWXWCX0Q1,yes,no,,,APARTMENT_A_NEW_WC_01,,5.148,,,,,,,,,,,NotAdjacentToGround,False,-1,Wall,WallConstr;Title;WindAngle315;AnyOpeningOutput;WindAngle90;gbXMLSurfaceType;WindAngle135;WindAngle225;gbXMLExternalConstructionName;SSEPObjectIDCInOP;SSEPObjectNameInOP;WindAngle180;SSEPObjectAreaInOP;WindAngle45;WindAngle0;WindAngle270,Wall - 5.148 m2 - 270.0°,BLOCK1:APARTMENTXAXNEWXWCX0Q1_Wall_4_0_0,5,Wall,UNKNOWN;BLOCK1:APARTMENTXAXNEWXWCX0Q1;UNKNOWN;UNKNOWN;BLOCK1:APARTMENTXAXNEWXWCX0Q1_Wall_4_0_0
surface_45,Surface,Building > BuildingBlock > UNKNOWN | BLOCK1:APARTMENTXAXNEWXWCX0Q1,yes,no,,,APARTMENT_A_NEW_WC_01,,9.042,,,,,,,,,,,NotAdjacentToGround,True,Solid,Wall,Title;WindAngle315;AnyOpeningOutput;WindAngle90;gbXMLSurfaceType;WindAngle135;WindAngle225;InternalWallConstr;SSEPObjectIDCInOP;SSEPObjectNameInOP;WindAngle180;gbXMLInternalConstructionName;SSEPObjectAreaInOP;WindAngle45;WindAngle0;WindAngle270,"Partition - 9.042 m2 (Block 1, APARTMENT_A_NEW_PN_02)",BLOCK1:APARTMENTXAXNEWXWCX0Q1_Partition_5_0_10015,7,Wall,UNKNOWN;BLOCK1:APARTMENTXAXNEWXWCX0Q1;UNKNOWN;UNKNOWN;BLOCK1:APARTMENTXAXNEWXWCX0Q1_Partition_5_0_10015
